{
  "cycle": 5,
  "timestamp": 1776580351.4563234,
  "duration_seconds": 17.476406574249268,
  "scores": {
    "pre": 0.7,
    "post": 0.7,
    "improvement": 0.0,
    "eval_mean": 0.8592592592592593,
    "eval_scores_all": [
      0.8666666666666667,
      0.8666666666666667,
      0.8444444444444444
    ],
    "eval_spread": 0.022222222222222254
  },
  "eval_per_rep_domain_scores": [
    {
      "code": 0.8666666666666667
    },
    {
      "code": 0.8666666666666667
    },
    {
      "code": 0.8444444444444444
    }
  ],
  "training_samples": [],
  "training_loss_trajectory": [],
  "star": {},
  "questions": {
    "pre_right_ids": [
      "7e0bed47a0f2c6c0",
      "e4250a6ced2c3f5f",
      "ca6d2ad4d511a762",
      "72948305f1c1a474",
      "d5b022212c10332c",
      "c14257e2b77348be",
      "03a417eb52c717cd",
      "47db9a8b36df8f75",
      "b45872a53a04df80",
      "99490fda241081e4",
      "29d3e9f537c1fcfd",
      "427f4da746b2dd2d",
      "de4f54fea7ae6019",
      "63721b4164bea46a",
      "1b93f7bf59c1e9f2",
      "2891ad9d43557352",
      "570cb383258c1eb4",
      "6fcba7c511cad7fa",
      "1db1c538869c2738",
      "4da9a25d1e9f425a",
      "eda74cb02c3ad26f",
      "3f83e695370f5ce3",
      "7c1c75e4cf28029c",
      "7926362e76763e46",
      "c8c8676cdde49d78",
      "0f5f904b92ab5601",
      "9d977a43417938a1",
      "639b3c06af6dd758",
      "c072d27f0c1a72a4",
      "a9d2bf39926036f2",
      "30466225bab1bc7f",
      "87b19a8ecc499db0",
      "c73096dd60edf2b6",
      "f0c6789f3e3a78b4",
      "59eba0f85b128878",
      "28eec5ac80c2a812",
      "1d737d8e82a8220a",
      "a453aa1285546f94",
      "ae2815b380375f36",
      "c27872215d21b14f",
      "1f207a9cb506579e",
      "2c5147f7cadec956",
      "9f7c13e90f8a5067",
      "10add849d2d28541",
      "1b1eb0a15f76b14e",
      "e08220faf6460255",
      "0ba896d2c9bdec86",
      "79593f4074a459a4",
      "4d6cc3d4368a2b84",
      "e460c32b26af06ab",
      "9ae6f94a17d34d07",
      "94307ad37e811c4b",
      "69b85bf479153760",
      "bd8d46373d615db0",
      "8f9fc511ca573eff",
      "5a80237707115948"
    ],
    "pre_wrong_ids": [
      "6004b6725e0d0353",
      "e6cfc6976796d38c",
      "f6c1650ee3b96f09",
      "a874ce0878a83d83",
      "d7ca5653f306ed51",
      "097255c7b7a04403",
      "e28478715a2ef528",
      "f53aeb7ba6428d05",
      "fc8f97d69d10e575",
      "5ea2c2e5806e1029",
      "0d36d71baa7df9dd",
      "b3d6e44f2929f076",
      "693bc788726b3346",
      "61523f203194e826",
      "e042191127aecfed",
      "906fc47042717c00",
      "467201ef079b397a",
      "b2c6bd3d9dffb231",
      "c509fe6652017028",
      "6a2b0a8fffb72f4e",
      "83431b1ee3bebfb1",
      "1271de3987fbc0d3",
      "18da544a16b22b7b",
      "027004cff3189943"
    ],
    "post_right_ids": [],
    "post_wrong_ids": [],
    "moved_wrong_to_right": [],
    "moved_right_to_wrong": []
  },
  "diversity_stats": {},
  "phase_times": {
    "diagnose": 17.47525715827942,
    "eval": 50.56920671463013
  },
  "errors": []
}