{
  "cycle": 4,
  "timestamp": 1776580268.8567696,
  "duration_seconds": 32.12601137161255,
  "scores": {
    "pre": 0.6625,
    "post": 0.6625,
    "improvement": 0.0,
    "eval_mean": 0.8592592592592593,
    "eval_scores_all": [
      0.8444444444444444,
      0.8666666666666667,
      0.8666666666666667
    ],
    "eval_spread": 0.022222222222222254
  },
  "eval_per_rep_domain_scores": [
    {
      "code": 0.8444444444444444
    },
    {
      "code": 0.8666666666666667
    },
    {
      "code": 0.8666666666666667
    }
  ],
  "training_samples": [],
  "training_loss_trajectory": [],
  "star": {
    "kept_count": 0,
    "rejected_count": 72,
    "rationalized_count": 4,
    "final_samples": 4,
    "dpo_pairs": 6,
    "weakness_buckets": 1,
    "failed_items_processed": 18,
    "per_weakness": {
      "code/prediction": {
        "kept": 0,
        "rejected": 72,
        "zero_correct_items": 16,
        "pairs": 6
      }
    }
  },
  "questions": {
    "pre_right_ids": [
      "5a80237707115948",
      "e4250a6ced2c3f5f",
      "eda74cb02c3ad26f",
      "72948305f1c1a474",
      "79593f4074a459a4",
      "4a606718c10e2c32",
      "613f03e3dbf28762",
      "4b1a442c183dc0b0",
      "14068f6d5357eb01",
      "49da98f01ea9f8d1",
      "1db1c538869c2738",
      "29d3e9f537c1fcfd",
      "5bad0dd28d4c6b4f",
      "e08220faf6460255",
      "9523ff525503ee59",
      "85700f3bb4d4cabf",
      "3e3dd13a1a63604e",
      "30466225bab1bc7f",
      "639b3c06af6dd758",
      "c14257e2b77348be",
      "3150303fa3ed975e",
      "11161abebb0ada96",
      "0405b561a5137d12",
      "4d6cc3d4368a2b84",
      "94307ad37e811c4b",
      "e9d1317b2c24c83c",
      "03a417eb52c717cd",
      "2c5147f7cadec956",
      "682e62e604565f20",
      "74c1b70e3e97f344",
      "5f27662d5d9c285c",
      "bd8d46373d615db0",
      "1b93f7bf59c1e9f2",
      "d4cfa0763e54319f",
      "355f9cc7f334f542",
      "ae2815b380375f36",
      "c73a9ccb7c54c09c",
      "2891ad9d43557352",
      "4d81367752493372",
      "65c06be2cd78646f",
      "8f14c63f6a6bcf9b",
      "c73096dd60edf2b6",
      "cb8481e11abe724e",
      "b22a0741fa27a091",
      "34ce59ebb8f7cce8",
      "7e0bed47a0f2c6c0",
      "b78daf45757d212d",
      "9dbd103b3d121d53",
      "25e8b88e1e89106d",
      "d5b022212c10332c",
      "89cdc0f20c9d69cc",
      "e078076753e9ebf3",
      "3f83e695370f5ce3"
    ],
    "pre_wrong_ids": [
      "bdde2134d1bece2e",
      "fc8f97d69d10e575",
      "961808fa215cac92",
      "f8b1ede1cd7a5b9b",
      "275f9cc60e3de0a5",
      "1fd0f5f26bddff93",
      "83431b1ee3bebfb1",
      "d1d1de16168087c1",
      "5ea2c2e5806e1029",
      "a4d4f346e1987d71",
      "69ad4d0136ad4f69",
      "cf42d75b19c5db7b",
      "8f97d0206cb8da9e",
      "af390dc9df728d3c",
      "4dbb48fb18368f94",
      "18152a3ea45f0de1",
      "34e66aeff85aee13",
      "dab743c7c4cc2410",
      "f258c8f3f2cfcd63",
      "0d36d71baa7df9dd",
      "2f737faf01180865",
      "2b56d0df016a6872",
      "46e60e265fed076a",
      "d7ca5653f306ed51",
      "2e4f5384731c77ab",
      "e056ef78bba4b776",
      "0236cfb8ef38fdf7"
    ],
    "post_right_ids": [],
    "post_wrong_ids": [],
    "moved_wrong_to_right": [],
    "moved_right_to_wrong": []
  },
  "diversity_stats": {
    "topic_coverage": 0.125,
    "unique_domains": 1,
    "unique_subdomains": 1,
    "chain_length_spread": 0.0,
    "avg_chain_length": 3.0,
    "samples_per_domain": {
      "code": 4
    }
  },
  "phase_times": {
    "diagnose": 18.080019235610962,
    "generate": 14.038117408752441,
    "eval": 50.46794104576111
  },
  "errors": []
}