{
  "cycle": 2,
  "timestamp": 1776954743.3803265,
  "duration_seconds": 1330.9432699680328,
  "scores": {
    "pre": 0.46706586826347307,
    "post": 0.46706586826347307,
    "improvement": 0.0,
    "eval_mean": 0.5121951219512195,
    "eval_scores_all": [
      0.5121951219512195
    ],
    "eval_spread": 0.0
  },
  "eval_per_rep_domain_scores": [
    {
      "code": 0.4,
      "math": 0.5041322314049587,
      "logic": 0.5619834710743802
    }
  ],
  "training_samples": [],
  "training_loss_trajectory": [],
  "star": {},
  "questions": {
    "pre_right_ids": [
      "e9d1317b2c24c83c",
      "ae46744bf93116ec",
      "c2e2122c2e966691",
      "050653182fe8a75a",
      "83431b1ee3bebfb1",
      "ada3ca24bc0fe11e",
      "049ccc024b88d0f3",
      "ca6d2ad4d511a762",
      "3f83e695370f5ce3",
      "3e3dd13a1a63604e",
      "ca313e96104b1e70",
      "f5b517e29dd3a6c3",
      "01aa6e01e986a2fa",
      "fd71fa8b3fe3cca9",
      "5e30fc3fed366aa5",
      "11161abebb0ada96",
      "25e8b88e1e89106d",
      "d928beb3129e25cd",
      "29d3e9f537c1fcfd",
      "59eba0f85b128878",
      "27ae56de0097c503",
      "5a80237707115948",
      "a453aa1285546f94",
      "042919d291f25f78",
      "2bd2ba459f01abb2",
      "ba5c8267d1a70bb4",
      "2891e1e2b777dd99",
      "63ee0928d0837c19",
      "fef2a319a50bc294",
      "d33d634c9f85c837",
      "b7bdb0bf468bde4d",
      "72efc927958d6da0",
      "aee2d27f5e6c2755",
      "c103c9bb0ae813ae",
      "5ff1c02779f61c18",
      "2b6f9590a5a4c0ca",
      "5d083daaca05da89",
      "dccdda253e81f1c4",
      "69f656b2cd0d696f",
      "8523504e9a162ca0",
      "5cc601caf598a8c1",
      "4199e162289dd312",
      "fede6b6ffce56665",
      "1faac3c3e00d1dbc",
      "e8423f99edfb7211",
      "55a6be42149fa304",
      "198f80a749a93e40",
      "d6f6d2bc245a561c",
      "ad0869e8c829b1ee",
      "7d6c2ffb349504fa",
      "c777278d6c7e1eca",
      "36b50a487078a63e",
      "b8310ebe4a88721e",
      "ba3213981eaea417",
      "58108c29deca3c35",
      "a8bbbe151b120662",
      "9bf20c3112265ff4",
      "73dd9e4acdb0c3a2",
      "ae410018888fcde2",
      "1b3d982f2fa59ebb",
      "8ac5843e0d37b7be",
      "804f789b59dc9490",
      "af00ebdda65bd87c",
      "788722dddf0e56ef",
      "c6353d664d17c426",
      "305253638c67e92e",
      "87f9f1aa9b842379",
      "725726242190ccee",
      "a5bb7664f0a9f43c",
      "302ddd46a31f601a",
      "8dd164d5041cad74",
      "d083e7ef360e16d8",
      "69b0fca1396e15b2",
      "4eacaded720b97a6",
      "15c305034ab96ea2",
      "c71bbb3bb9281cf0",
      "5bfa59bf66ef1c1c",
      "86eaf0aa0c98e45b"
    ],
    "pre_wrong_ids": [
      "0405b561a5137d12",
      "65c06be2cd78646f",
      "752f3f51c0e31412",
      "b3d180497bbff35e",
      "1db1c538869c2738",
      "13354e527b396a97",
      "da05cdf96b25a24f",
      "6430025340e95802",
      "50dfa8397e603549",
      "30466225bab1bc7f",
      "f6c1650ee3b96f09",
      "19ac136223813e75",
      "85700f3bb4d4cabf",
      "692301a1d1342ac3",
      "e4250a6ced2c3f5f",
      "79acb49b421d1e0e",
      "c73096dd60edf2b6",
      "9f7c13e90f8a5067",
      "639b3c06af6dd758",
      "d194cf0593ebae1a",
      "fc8f97d69d10e575",
      "a0e3dbe1b8147e2c",
      "bd8d46373d615db0",
      "966a62445e47aa80",
      "b5b303e4d9854311",
      "63721b4164bea46a",
      "8f9fc511ca573eff",
      "fe689d10cfdbf8e1",
      "5ea2c2e5806e1029",
      "9ca9c000962cf4cb",
      "61523f203194e826",
      "0f2833f2e7f83537",
      "c509fe6652017028",
      "0b934fb2e00a193f",
      "b1461d8013f61011",
      "4749c966d8f12b58",
      "5240a8943e765589",
      "ea3c83a820ea7d29",
      "65305cd65bd2f6dc",
      "64c1bcbc8d3adc59",
      "91b81e450256e19c",
      "a14d0e393c415766",
      "562d248c90826844",
      "7c23f758f30db4cb",
      "9bf351814d37bae0",
      "9c81f72cae1c80df",
      "248645eb34ccbb41",
      "8ffa3eeb25d25f88",
      "e0bbb1a1b0b60314",
      "364ce76f55c782ff",
      "cbc66637e9b86bc4",
      "873afffecd398f57",
      "89db550d29cb51ea",
      "5677a2071ae79bb6",
      "7f09377160392242",
      "ce3afc21138215b6",
      "b1e0803c69d46504",
      "94a44b1301a59b2a",
      "09b647288d2c7382",
      "10882cd291fb5bb4",
      "a17145744679dbcc",
      "07f944305b04cf48",
      "db80726c6516b9c8",
      "b6f363c285e50b97",
      "88a70a001295030b",
      "e0d73e476261e677",
      "673190e1c2d07ec8",
      "1bb6fd356f7c94b5",
      "66c1559eae3c8823",
      "c0dc28abf5206844",
      "0359831e40804483",
      "851e742e7b00248e",
      "0e9597b750ba464e",
      "8fbb6cc1d2ad9b0e",
      "e8e0e04e768f8ed3",
      "51226acd93759357",
      "262b9d2972342fb4",
      "835e37998f716036",
      "24e37b5cd0c851bb",
      "fadd653eb8301817",
      "47a8ca222eb707e3",
      "50f0331c0d804ea7",
      "87f32ceeae7ae295",
      "f841e9a284427a5b",
      "d35be9db9077db29",
      "11d798a740a4c1e8",
      "72529641d0f7e4d8",
      "a0fd6a884275b105",
      "3ec6f83a45d5c371"
    ],
    "post_right_ids": [],
    "post_wrong_ids": [],
    "moved_wrong_to_right": [],
    "moved_right_to_wrong": []
  },
  "diversity_stats": {
    "mean": 0.30550063684831497,
    "variance": 0.03061385975269336,
    "n_problems": 9,
    "n_collapsed": 2,
    "fraction_collapsed": 0.2222222222222222,
    "mode_collapse_alarm": false,
    "embedding_backend": "hash-fallback"
  },
  "meta": {
    "picked_lr": 5.6e-06,
    "picked_rank": 16,
    "picked_epochs": 3,
    "picked_min_train_samples": 5,
    "picked_grad_accum": 4
  },
  "phase_times": {
    "rsi_step0_diagnose": 617.9096338748932,
    "rsi_step1_propose": 425.5422737598419,
    "rsi_step2_admit": 0.0005571842193603516,
    "rsi_step3_solve": 155.68879795074463,
    "rsi_step4_verify": 2.6546244621276855,
    "rsi_step7_calibration": 0.00030994415283203125,
    "rsi_step8_train": 129.1425142288208,
    "eval": 851.4622511863708
  },
  "errors": []
}