{
  "cycle": 2,
  "timestamp": 1776579452.2200913,
  "duration_seconds": 335.5791721343994,
  "scores": {
    "pre": 0.375,
    "post": 0.5375,
    "improvement": 0.16249999999999998,
    "eval_mean": 0.362962962962963,
    "eval_scores_all": [
      0.37777777777777777,
      0.35555555555555557,
      0.35555555555555557
    ],
    "eval_spread": 0.0222222222222222
  },
  "eval_per_rep_domain_scores": [
    {
      "code": 0.37777777777777777
    },
    {
      "code": 0.35555555555555557
    },
    {
      "code": 0.35555555555555557
    }
  ],
  "training_samples": [
    {
      "prompt_hash": "9d3ac18d71be32346b2fee816252a0cc",
      "weakness": "code/implementation",
      "domain": "code",
      "n_reasoning_steps": 4,
      "consistency_score": 0.5,
      "parse_confidence": 1.0,
      "severity_at_generation": 1.0,
      "expected_answer": "def",
      "verified": true,
      "ground_truth_verified": true,
      "verification_notes": "conf=0.90 | [step 2/justification_inferential] no inferential marker; [step 3/justification_inferential] no inferential marker; [step 4/justification_inferential] no inferential marker",
      "source": "star"
    }
  ],
  "training_loss_trajectory": [],
  "star": {
    "kept_count": 19,
    "rejected_count": 117,
    "rationalized_count": 1,
    "final_samples": 7,
    "dpo_pairs": 20,
    "weakness_buckets": 3,
    "failed_items_processed": 34,
    "per_weakness": {
      "code/implementation": {
        "kept": 13,
        "rejected": 79,
        "zero_correct_items": 18,
        "pairs": 13
      },
      "code/prediction": {
        "kept": 6,
        "rejected": 34,
        "zero_correct_items": 7,
        "pairs": 7
      },
      "code/debugging": {
        "kept": 0,
        "rejected": 4,
        "zero_correct_items": 1,
        "pairs": 0
      }
    }
  },
  "questions": {
    "pre_right_ids": [
      "1a3d48bb9ec7f200",
      "ac7adaa810f091f1",
      "fcda67e620f0702d",
      "ba4c365d6070a5f7",
      "101c5fa213f44379",
      "dfa4fa686f05d989",
      "32e5e74fab67c356",
      "9c1cbf6c8f0fcdcc",
      "345f0293a06c4b56",
      "4156f7bcdc091ffa",
      "db64890ff51d786a",
      "947e352e331fdb37",
      "e08220faf6460255",
      "a195789b6e164bc5",
      "ae495df613a9eb9a",
      "72948305f1c1a474",
      "2c5147f7cadec956",
      "0b58d22f7f1ef814",
      "6abbb07ae86cce30",
      "cc1a77050443f6b7",
      "9f7c13e90f8a5067",
      "327169ecd537b10a",
      "11161abebb0ada96",
      "83aa6861c2f97a1f",
      "2bd8564e4b980132",
      "97ff8d1ac7c2cc58",
      "c27872215d21b14f",
      "2684edb9685e3fd4",
      "79593f4074a459a4",
      "b5b303e4d9854311"
    ],
    "pre_wrong_ids": [
      "0d36d71baa7df9dd",
      "0405b561a5137d12",
      "1b93f7bf59c1e9f2",
      "65c06be2cd78646f",
      "752f3f51c0e31412",
      "e9d1317b2c24c83c",
      "962d03e47de43786",
      "1db1c538869c2738",
      "24dcbf52c3bced0b",
      "ae2815b380375f36",
      "cd6eae0f51219f29",
      "da05cdf96b25a24f",
      "8a31b1068f011c25",
      "83431b1ee3bebfb1",
      "f1d5abc60d6a424b",
      "4e0d1d7147ea78f4",
      "eda74cb02c3ad26f",
      "d7ca5653f306ed51",
      "fba3ead998c958a9",
      "ca6d2ad4d511a762",
      "30466225bab1bc7f",
      "4d6cc3d4368a2b84",
      "d5b022212c10332c",
      "fb2bce7e991aff67",
      "3f83e695370f5ce3",
      "f6c1650ee3b96f09",
      "3e3dd13a1a63604e",
      "d4f0348ae204ab2b",
      "85700f3bb4d4cabf",
      "e4250a6ced2c3f5f",
      "47db9a8b36df8f75",
      "f11d1dcb4f27c828",
      "c14257e2b77348be",
      "367c76b3c88890a7",
      "d6ddd766c0af642b",
      "73f53d1efb289cb0",
      "5e4a336cf2a92e4b",
      "c73096dd60edf2b6",
      "9080a4e482d12822",
      "639b3c06af6dd758",
      "b3d6e44f2929f076",
      "e6cfc6976796d38c",
      "fc8f97d69d10e575",
      "25e8b88e1e89106d",
      "94307ad37e811c4b",
      "3150303fa3ed975e",
      "bd8d46373d615db0",
      "8c71c31f128cc262",
      "29d3e9f537c1fcfd",
      "59eba0f85b128878"
    ],
    "post_right_ids": [
      "0d36d71baa7df9dd",
      "962d03e47de43786",
      "1a3d48bb9ec7f200",
      "fcda67e620f0702d",
      "cd6eae0f51219f29",
      "8a31b1068f011c25",
      "83431b1ee3bebfb1",
      "f1d5abc60d6a424b",
      "dfa4fa686f05d989",
      "32e5e74fab67c356",
      "4e0d1d7147ea78f4",
      "fba3ead998c958a9",
      "4d6cc3d4368a2b84",
      "d5b022212c10332c",
      "345f0293a06c4b56",
      "f6c1650ee3b96f09",
      "3e3dd13a1a63604e",
      "4156f7bcdc091ffa",
      "947e352e331fdb37",
      "e08220faf6460255",
      "a195789b6e164bc5",
      "ae495df613a9eb9a",
      "72948305f1c1a474",
      "2c5147f7cadec956",
      "f11d1dcb4f27c828",
      "73f53d1efb289cb0",
      "6abbb07ae86cce30",
      "cc1a77050443f6b7",
      "5e4a336cf2a92e4b",
      "9f7c13e90f8a5067",
      "327169ecd537b10a",
      "11161abebb0ada96",
      "83aa6861c2f97a1f",
      "97ff8d1ac7c2cc58",
      "fc8f97d69d10e575",
      "25e8b88e1e89106d",
      "c27872215d21b14f",
      "3150303fa3ed975e",
      "2684edb9685e3fd4",
      "79593f4074a459a4",
      "29d3e9f537c1fcfd",
      "59eba0f85b128878",
      "b5b303e4d9854311"
    ],
    "post_wrong_ids": [
      "0405b561a5137d12",
      "1b93f7bf59c1e9f2",
      "65c06be2cd78646f",
      "752f3f51c0e31412",
      "e9d1317b2c24c83c",
      "ac7adaa810f091f1",
      "1db1c538869c2738",
      "24dcbf52c3bced0b",
      "ae2815b380375f36",
      "da05cdf96b25a24f",
      "ba4c365d6070a5f7",
      "101c5fa213f44379",
      "9c1cbf6c8f0fcdcc",
      "eda74cb02c3ad26f",
      "d7ca5653f306ed51",
      "ca6d2ad4d511a762",
      "30466225bab1bc7f",
      "fb2bce7e991aff67",
      "3f83e695370f5ce3",
      "d4f0348ae204ab2b",
      "db64890ff51d786a",
      "85700f3bb4d4cabf",
      "e4250a6ced2c3f5f",
      "47db9a8b36df8f75",
      "c14257e2b77348be",
      "367c76b3c88890a7",
      "d6ddd766c0af642b",
      "0b58d22f7f1ef814",
      "c73096dd60edf2b6",
      "9080a4e482d12822",
      "639b3c06af6dd758",
      "2bd8564e4b980132",
      "b3d6e44f2929f076",
      "e6cfc6976796d38c",
      "94307ad37e811c4b",
      "bd8d46373d615db0",
      "8c71c31f128cc262"
    ],
    "moved_wrong_to_right": [
      "3150303fa3ed975e",
      "f11d1dcb4f27c828",
      "cd6eae0f51219f29",
      "5e4a336cf2a92e4b",
      "fc8f97d69d10e575",
      "8a31b1068f011c25",
      "f1d5abc60d6a424b",
      "25e8b88e1e89106d",
      "4d6cc3d4368a2b84",
      "962d03e47de43786",
      "f6c1650ee3b96f09",
      "d5b022212c10332c",
      "4e0d1d7147ea78f4",
      "fba3ead998c958a9",
      "73f53d1efb289cb0",
      "0d36d71baa7df9dd",
      "29d3e9f537c1fcfd",
      "3e3dd13a1a63604e",
      "59eba0f85b128878",
      "83431b1ee3bebfb1"
    ],
    "moved_right_to_wrong": [
      "2bd8564e4b980132",
      "ba4c365d6070a5f7",
      "101c5fa213f44379",
      "9c1cbf6c8f0fcdcc",
      "0b58d22f7f1ef814",
      "db64890ff51d786a",
      "ac7adaa810f091f1"
    ]
  },
  "diversity_stats": {
    "topic_coverage": 0.125,
    "unique_domains": 1,
    "unique_subdomains": 3,
    "chain_length_spread": 0.54,
    "avg_chain_length": 3.7,
    "samples_per_domain": {
      "code": 7
    }
  },
  "phase_times": {
    "diagnose": 18.53761577606201,
    "generate": 190.7308177947998,
    "verify": 0.7425777912139893,
    "train": 23.222069025039673,
    "eval": 50.97255492210388
  },
  "errors": []
}