{
  "cycle": 3,
  "timestamp": 1776956925.8610468,
  "duration_seconds": 1309.4871685504913,
  "scores": {
    "pre": 0.44171779141104295,
    "post": 0.44171779141104295,
    "improvement": 0.0,
    "eval_mean": 0.4843205574912892,
    "eval_scores_all": [
      0.4843205574912892
    ],
    "eval_spread": 0.0
  },
  "eval_per_rep_domain_scores": [
    {
      "code": 0.4222222222222222,
      "math": 0.4793388429752066,
      "logic": 0.512396694214876
    }
  ],
  "training_samples": [],
  "training_loss_trajectory": [],
  "star": {},
  "questions": {
    "pre_right_ids": [
      "8d6815bbddfea3a1",
      "d90ac41cf33204bd",
      "909ba88468fd0d47",
      "55cfc719ed69f48b",
      "a453aa1285546f94",
      "0c8e3d4b0d4b92db",
      "891eacba8d58699c",
      "9a4bd68f871323c5",
      "ca6d2ad4d511a762",
      "98157f7808b2d3d8",
      "54346d104ea9f624",
      "5d0d6757ea55a38c",
      "59eba0f85b128878",
      "16b73004e0643e86",
      "8c27ce302a57b50f",
      "85700f3bb4d4cabf",
      "5a80237707115948",
      "e9d1317b2c24c83c",
      "575d4bb7a01ef65e",
      "0351481c0e861595",
      "3e3dd13a1a63604e",
      "7af8cd7cbf48e351",
      "3f83e695370f5ce3",
      "cbf6bbd7c4f5355b",
      "bcae987799438b38",
      "29d3e9f537c1fcfd",
      "25e8b88e1e89106d",
      "355d94cfe55ef5e1",
      "11161abebb0ada96",
      "83c9221de24bfa57",
      "01aa6e01e986a2fa",
      "34e66aeff85aee13",
      "5e30fc3fed366aa5",
      "83431b1ee3bebfb1",
      "b07c36ff39add2db",
      "faa4c7d9f8e43eb1",
      "d2c071c155bda211",
      "d30702338c6a5bca",
      "110c826db12308f5",
      "505388615cb25dcc",
      "fe731c8de9c9b82b",
      "b0ad9092a0388c3d",
      "4b2ced7ff2bba542",
      "c777278d6c7e1eca",
      "d6f6d2bc245a561c",
      "1b3d982f2fa59ebb",
      "2b6f9590a5a4c0ca",
      "1e29dc27d393ddf1",
      "3cdb1cbeb61ff2d8",
      "4822c62f47a1bcfb",
      "cac870d6e5208383",
      "1f67182781ce04ea",
      "93f2985bf29820a9",
      "c7390d78bc27e53a",
      "d1e98a37449cbc12",
      "55a6be42149fa304",
      "7d6c2ffb349504fa",
      "81e0d923d8c064c9",
      "2ac87c3d813bb258",
      "a5eb18746066f8f9",
      "19490cbf9aa20b48",
      "ad0869e8c829b1ee",
      "ae410018888fcde2",
      "d083e7ef360e16d8",
      "788722dddf0e56ef",
      "c71bbb3bb9281cf0",
      "b33faf802e79f488",
      "fd660d9f468dce81",
      "804f789b59dc9490",
      "468b1f72ca0a9f13",
      "5bfa59bf66ef1c1c",
      "af00ebdda65bd87c"
    ],
    "pre_wrong_ids": [
      "557a79f7eafaedff",
      "c4f914dd7cc7e5cf",
      "c73096dd60edf2b6",
      "63721b4164bea46a",
      "cea29ccb6df746aa",
      "da05cdf96b25a24f",
      "42c4bfa372fed969",
      "1be80a6fb63dd107",
      "65c06be2cd78646f",
      "e4250a6ced2c3f5f",
      "752f3f51c0e31412",
      "1db1c538869c2738",
      "358f5cb2ae0ac861",
      "30466225bab1bc7f",
      "14467a4d7f5ee361",
      "9f7c13e90f8a5067",
      "941fe2530b7e782b",
      "bee4abebff5663ab",
      "0405b561a5137d12",
      "8dcef70a6e31c24f",
      "b48d994a17143217",
      "bd8d46373d615db0",
      "639b3c06af6dd758",
      "f6c1650ee3b96f09",
      "8f9fc511ca573eff",
      "5ea2c2e5806e1029",
      "46ac96d382391b52",
      "c509fe6652017028",
      "61523f203194e826",
      "05e616ec2f5e12f8",
      "a3cddf05b3a5fbfd",
      "ae300d15ac851d67",
      "69b657df1f859c2f",
      "dda3f548bf370d50",
      "1d951de142f0c424",
      "58108c29deca3c35",
      "89db550d29cb51ea",
      "c139603c07b56af9",
      "30924a39a0beedc5",
      "83ec75b74b0f1d47",
      "38ef8dee63e59852",
      "78a0e3200ac3fa83",
      "662b268ba08f03a1",
      "570d03b9323e0c8c",
      "267b77122d6028cd",
      "65305cd65bd2f6dc",
      "364ce76f55c782ff",
      "125af3129c8314ac",
      "9a8259413c733c59",
      "2bfcbc6982b43b33",
      "3b84250b4d51670b",
      "01f496b04186490b",
      "10882cd291fb5bb4",
      "5240a8943e765589",
      "a14d0e393c415766",
      "325377dfacf55462",
      "639eb2aac7d0f920",
      "dccdda253e81f1c4",
      "09044aebd47607e8",
      "a854165bbec6b757",
      "333d5be07e26b3ff",
      "e4ccabd3868a3167",
      "ec69a796023b4907",
      "c0dc28abf5206844",
      "1342b1a5f4f2a885",
      "5c25b143eeec4689",
      "22493dac3986373f",
      "3b04bbbab0f16d61",
      "30f297d0cda71c34",
      "4f14c56e0ef79e97",
      "74b6767763658fc4",
      "b615282395a03a37",
      "fadd653eb8301817",
      "9aea600493a9e5c3",
      "d12d4d66cb504073",
      "51226acd93759357",
      "d7b3511623b48e13",
      "1a033729ac7a4c04",
      "24e37b5cd0c851bb",
      "3ec6f83a45d5c371",
      "ea2b682ff6c4a350",
      "63ff6371bbbe6eb8",
      "f841e9a284427a5b",
      "87f32ceeae7ae295",
      "7ef3f66f888dca87",
      "d35be9db9077db29",
      "b5b7e4d1de1372eb",
      "48f499abc02190e9",
      "3b3446e96ea59662",
      "11d798a740a4c1e8",
      "f93e29367676fb05"
    ],
    "post_right_ids": [],
    "post_wrong_ids": [],
    "moved_wrong_to_right": [],
    "moved_right_to_wrong": []
  },
  "diversity_stats": {
    "mean": 0.4479910306688751,
    "variance": 0.02499077202728213,
    "n_problems": 6,
    "n_collapsed": 0,
    "fraction_collapsed": 0.0,
    "mode_collapse_alarm": false,
    "embedding_backend": "hash-fallback"
  },
  "meta": {
    "picked_lr": 7.28e-06,
    "picked_rank": 16,
    "picked_epochs": 3,
    "picked_min_train_samples": 5,
    "picked_grad_accum": 5
  },
  "phase_times": {
    "rsi_step0_diagnose": 621.4804835319519,
    "rsi_step1_propose": 425.96521759033203,
    "rsi_step2_admit": 0.00039839744567871094,
    "rsi_step3_solve": 139.55653166770935,
    "rsi_step4_verify": 1.8809049129486084,
    "rsi_step7_calibration": 0.0003170967102050781,
    "rsi_step8_train": 120.59938359260559,
    "eval": 851.7243919372559
  },
  "errors": []
}