{
  "cycle": 6,
  "timestamp": 1776514521.664644,
  "duration_seconds": 109.26191258430481,
  "scores": {
    "pre": 0.275,
    "post": 0.4375,
    "improvement": 0.16249999999999998,
    "eval_mean": 0.47407407407407404,
    "eval_scores_all": [
      0.4888888888888889,
      0.4444444444444444,
      0.4888888888888889
    ],
    "eval_spread": 0.04444444444444445
  },
  "eval_per_rep_domain_scores": [
    {
      "code": 0.4888888888888889
    },
    {
      "code": 0.4444444444444444
    },
    {
      "code": 0.4888888888888889
    }
  ],
  "training_samples": [
    {
      "prompt_hash": "37fec507a913783fbbd5e31af0bcd885",
      "weakness": "code/bit_manipulation",
      "domain": "code",
      "n_reasoning_steps": 3,
      "consistency_score": 0.25,
      "parse_confidence": 1.0,
      "severity_at_generation": 0.5538981798168031,
      "expected_answer": "147",
      "verified": true,
      "ground_truth_verified": true,
      "verification_notes": "conf=0.90 | [step 2/justification_inferential] no inferential marker; [domain/code_sandbox_exec] no extractable Python code found in code sample",
      "source": "star"
    }
  ],
  "training_loss_trajectory": [],
  "star": {
    "kept_count": 1,
    "rejected_count": 207,
    "rationalized_count": 0,
    "final_samples": 1,
    "dpo_pairs": 2,
    "weakness_buckets": 4,
    "failed_items_processed": 52,
    "per_weakness": {
      "code/implementation": {
        "kept": 0,
        "rejected": 88,
        "zero_correct_items": 22,
        "pairs": 0
      },
      "code/prediction": {
        "kept": 0,
        "rejected": 100,
        "zero_correct_items": 25,
        "pairs": 0
      },
      "code/bit_manipulation": {
        "kept": 1,
        "rejected": 15,
        "zero_correct_items": 3,
        "pairs": 2
      },
      "code/computing": {
        "kept": 0,
        "rejected": 4,
        "zero_correct_items": 1,
        "pairs": 0
      }
    }
  },
  "questions": {
    "pre_right_ids": [
      "48e950c54bc520d2",
      "43d9649df4d0fee7",
      "03a417eb52c717cd",
      "2c5147f7cadec956",
      "e08220faf6460255",
      "b0fd8fe3bf9a606a",
      "ca6d2ad4d511a762",
      "0f38f9420e7c8490",
      "d8cef9b45f49ba57",
      "1ab9262302875646",
      "da05cdf96b25a24f",
      "ce45d5978363235c",
      "2891ad9d43557352",
      "79593f4074a459a4",
      "72948305f1c1a474",
      "405cfe0174fd4985",
      "fe23a8c3b2b6f2aa",
      "3e794ac760bbf7d5",
      "29d3e9f537c1fcfd",
      "5e8c171f52d05bdf",
      "25e8b88e1e89106d",
      "cdbd6216f015791e"
    ],
    "pre_wrong_ids": [
      "c5be58f8d5de9660",
      "1b93f7bf59c1e9f2",
      "fc8f97d69d10e575",
      "63721b4164bea46a",
      "b3d6e44f2929f076",
      "d6ddd766c0af642b",
      "5ea2c2e5806e1029",
      "a86ce264f424da32",
      "0405b561a5137d12",
      "c509fe6652017028",
      "d42c283bef0c6065",
      "b9f7bca03b341b1a",
      "d5b022212c10332c",
      "3e3dd13a1a63604e",
      "d55cf141b5dee792",
      "c73096dd60edf2b6",
      "1ee3ef52d6814ef5",
      "29c52380f4290383",
      "11904362b5a29d26",
      "4b88053828eace9e",
      "e4250a6ced2c3f5f",
      "3f83e695370f5ce3",
      "c14257e2b77348be",
      "f7a59d50418e6a6a",
      "85700f3bb4d4cabf",
      "d978d6e2ffeb44f8",
      "5e4a336cf2a92e4b",
      "3f65da25af27a197",
      "89eb30cdebef69fc",
      "858bb8e35153c3b8",
      "411fd43cb7a45f05",
      "94307ad37e811c4b",
      "f9b7ea6f5b15e8ae",
      "e9d1317b2c24c83c",
      "f12551e0d0a1817e",
      "9523ff525503ee59",
      "b32b478b461f7678",
      "7926362e76763e46",
      "5fce94328ca9c51d",
      "59eba0f85b128878",
      "c6bd6be7272f42ef",
      "bb6b419c5c1395db",
      "3d82ec8e5a9c37be",
      "09a0613ce9856884",
      "d7ca5653f306ed51",
      "8f9fc511ca573eff",
      "260a196ec50f2217",
      "5a80237707115948",
      "0d36d71baa7df9dd",
      "d83e2d05e34925bb",
      "4d6cc3d4368a2b84",
      "bd8d46373d615db0",
      "47db9a8b36df8f75",
      "a453aa1285546f94",
      "3150303fa3ed975e",
      "752f3f51c0e31412",
      "65c06be2cd78646f",
      "68409e2a3f89880f"
    ],
    "post_right_ids": [
      "63721b4164bea46a",
      "43d9649df4d0fee7",
      "03a417eb52c717cd",
      "2c5147f7cadec956",
      "0405b561a5137d12",
      "e08220faf6460255",
      "b9f7bca03b341b1a",
      "b0fd8fe3bf9a606a",
      "d5b022212c10332c",
      "ca6d2ad4d511a762",
      "3e3dd13a1a63604e",
      "0f38f9420e7c8490",
      "d8cef9b45f49ba57",
      "c73096dd60edf2b6",
      "1ab9262302875646",
      "da05cdf96b25a24f",
      "29c52380f4290383",
      "4b88053828eace9e",
      "2891ad9d43557352",
      "f7a59d50418e6a6a",
      "79593f4074a459a4",
      "d978d6e2ffeb44f8",
      "3f65da25af27a197",
      "858bb8e35153c3b8",
      "94307ad37e811c4b",
      "f12551e0d0a1817e",
      "b32b478b461f7678",
      "7926362e76763e46",
      "59eba0f85b128878",
      "8f9fc511ca573eff",
      "5a80237707115948",
      "29d3e9f537c1fcfd",
      "3150303fa3ed975e",
      "65c06be2cd78646f",
      "cdbd6216f015791e"
    ],
    "post_wrong_ids": [
      "48e950c54bc520d2",
      "c5be58f8d5de9660",
      "1b93f7bf59c1e9f2",
      "fc8f97d69d10e575",
      "b3d6e44f2929f076",
      "d6ddd766c0af642b",
      "5ea2c2e5806e1029",
      "a86ce264f424da32",
      "c509fe6652017028",
      "d42c283bef0c6065",
      "d55cf141b5dee792",
      "1ee3ef52d6814ef5",
      "11904362b5a29d26",
      "ce45d5978363235c",
      "e4250a6ced2c3f5f",
      "3f83e695370f5ce3",
      "c14257e2b77348be",
      "85700f3bb4d4cabf",
      "5e4a336cf2a92e4b",
      "72948305f1c1a474",
      "89eb30cdebef69fc",
      "411fd43cb7a45f05",
      "f9b7ea6f5b15e8ae",
      "e9d1317b2c24c83c",
      "9523ff525503ee59",
      "405cfe0174fd4985",
      "fe23a8c3b2b6f2aa",
      "5fce94328ca9c51d",
      "3e794ac760bbf7d5",
      "c6bd6be7272f42ef",
      "bb6b419c5c1395db",
      "3d82ec8e5a9c37be",
      "09a0613ce9856884",
      "d7ca5653f306ed51",
      "260a196ec50f2217",
      "0d36d71baa7df9dd",
      "d83e2d05e34925bb",
      "4d6cc3d4368a2b84",
      "bd8d46373d615db0",
      "47db9a8b36df8f75",
      "a453aa1285546f94",
      "5e8c171f52d05bdf",
      "752f3f51c0e31412",
      "68409e2a3f89880f",
      "25e8b88e1e89106d"
    ],
    "moved_wrong_to_right": [
      "65c06be2cd78646f",
      "f7a59d50418e6a6a",
      "63721b4164bea46a",
      "3150303fa3ed975e",
      "b9f7bca03b341b1a",
      "29c52380f4290383",
      "3f65da25af27a197",
      "d5b022212c10332c",
      "5a80237707115948",
      "b32b478b461f7678",
      "4b88053828eace9e",
      "8f9fc511ca573eff",
      "c73096dd60edf2b6",
      "94307ad37e811c4b",
      "7926362e76763e46",
      "858bb8e35153c3b8",
      "59eba0f85b128878",
      "3e3dd13a1a63604e",
      "d978d6e2ffeb44f8",
      "0405b561a5137d12",
      "f12551e0d0a1817e"
    ],
    "moved_right_to_wrong": [
      "405cfe0174fd4985",
      "25e8b88e1e89106d",
      "5e8c171f52d05bdf",
      "3e794ac760bbf7d5",
      "48e950c54bc520d2",
      "72948305f1c1a474",
      "fe23a8c3b2b6f2aa",
      "ce45d5978363235c"
    ]
  },
  "diversity_stats": {
    "topic_coverage": 0.125,
    "unique_domains": 1,
    "unique_subdomains": 1,
    "chain_length_spread": 0.0,
    "avg_chain_length": 3.0,
    "samples_per_domain": {
      "code": 1
    }
  },
  "phase_times": {
    "diagnose": 7.42205810546875,
    "generate": 27.430198669433594,
    "verify": 0.0011434555053710938,
    "train": 18.497207403182983,
    "eval": 43.92313504219055
  },
  "errors": []
}