{
  "cycle": 2,
  "pre_score": 0.4125,
  "post_score": 0.2625,
  "improvement": -0.14999999999999997,
  "eval_score": 0.08888888888888889,
  "eval_domain_scores": {
    "code": 0.08888888888888889
  },
  "samples_generated": 6,
  "samples_verified": 3,
  "weaknesses_found": 3,
  "had_diagnostics": true,
  "escalation_events": [],
  "post_diag_domain_scores": {
    "code": 0.2625
  },
  "diversity_stats": {
    "topic_coverage": 0.125,
    "unique_domains": 1,
    "unique_subdomains": 1,
    "chain_length_spread": 0.3,
    "avg_chain_length": 3.3,
    "samples_per_domain": {
      "code": 6
    }
  },
  "phase_times": {
    "diagnose": 19.033677101135254,
    "generate": 193.80891251564026,
    "verify": 0.3030705451965332,
    "train": 44.769103050231934,
    "eval": 47.536235332489014
  },
  "timestamp": 1776513521.1168067,
  "duration_seconds": 311.20323729515076,
  "errors": [],
  "training": {
    "avg_loss": 0.9094953835010529,
    "final_loss": 0.949367105960846,
    "steps": 1,
    "lora_layers": 252,
    "avg_rank": 16.0,
    "samples_used": 3,
    "samples_rejected": 0,
    "learning_rate": 1.4e-05
  }
}