{
  "cycle": 3,
  "pre_score": 0.45,
  "post_score": 0.75,
  "improvement": 0.3,
  "eval_score": 0.8666666666666667,
  "eval_domain_scores": {
    "code": 0.8666666666666667
  },
  "eval_subdomain_scores": {
    "code/computing": 1.0,
    "code/implementation": 0.8536585365853658
  },
  "samples_generated": 11,
  "samples_verified": 5,
  "weaknesses_found": 5,
  "had_diagnostics": true,
  "escalation_events": [],
  "post_diag_domain_scores": {
    "code": 0.75
  },
  "diversity_stats": {
    "topic_coverage": 0.125,
    "unique_domains": 1,
    "unique_subdomains": 3,
    "chain_length_spread": 0.89,
    "avg_chain_length": 3.4,
    "samples_per_domain": {
      "code": 11
    }
  },
  "phase_times": {
    "diagnose": 19.444296836853027,
    "generate": 175.12818026542664,
    "verify": 0.7612411975860596,
    "train": 75.34177732467651,
    "eval": 51.09240388870239
  },
  "timestamp": 1776579838.7767417,
  "duration_seconds": 377.79774808883667,
  "errors": [],
  "training": {
    "avg_loss": 0.5003037800391515,
    "final_loss": 0.6626983880996704,
    "steps": 2,
    "lora_layers": 252,
    "avg_rank": 16.0,
    "samples_used": 5,
    "samples_rejected": 0,
    "learning_rate": 1.8200000000000002e-05
  }
}