{
  "cycle": 5,
  "pre_score": 0.425,
  "post_score": 0.275,
  "improvement": -0.14999999999999997,
  "eval_score": 0.14074074074074075,
  "eval_domain_scores": {
    "code": 0.15555555555555556
  },
  "samples_generated": 10,
  "samples_verified": 7,
  "weaknesses_found": 3,
  "had_diagnostics": true,
  "escalation_events": [],
  "post_diag_domain_scores": {
    "code": 0.275
  },
  "diversity_stats": {
    "topic_coverage": 0.125,
    "unique_domains": 1,
    "unique_subdomains": 2,
    "chain_length_spread": 0.0,
    "avg_chain_length": 3.0,
    "samples_per_domain": {
      "code": 10
    }
  },
  "phase_times": {
    "diagnose": 18.540305852890015,
    "generate": 39.754847049713135,
    "verify": 0.48884105682373047,
    "train": 63.57629036903381,
    "eval": 14.558335542678833
  },
  "timestamp": 1776514337.44952,
  "duration_seconds": 169.61802911758423,
  "errors": [],
  "training": {
    "avg_loss": 0.3049413710832596,
    "final_loss": 0.1434294432401657,
    "steps": 1,
    "lora_layers": 252,
    "avg_rank": 16.0,
    "samples_used": 7,
    "samples_rejected": 0,
    "learning_rate": 8.918e-06
  }
}