{
  "cycle": 2,
  "pre_score": 0.375,
  "post_score": 0.5375,
  "improvement": 0.16249999999999998,
  "eval_score": 0.362962962962963,
  "eval_domain_scores": {
    "code": 0.35555555555555557
  },
  "eval_subdomain_scores": {
    "code/computing": 0.5,
    "code/implementation": 0.34146341463414637
  },
  "samples_generated": 7,
  "samples_verified": 1,
  "weaknesses_found": 4,
  "had_diagnostics": true,
  "escalation_events": [],
  "post_diag_domain_scores": {
    "code": 0.5375
  },
  "diversity_stats": {
    "topic_coverage": 0.125,
    "unique_domains": 1,
    "unique_subdomains": 3,
    "chain_length_spread": 0.54,
    "avg_chain_length": 3.7,
    "samples_per_domain": {
      "code": 7
    }
  },
  "phase_times": {
    "diagnose": 18.53761577606201,
    "generate": 190.7308177947998,
    "verify": 0.7425777912139893,
    "train": 23.222069025039673,
    "eval": 50.97255492210388
  },
  "timestamp": 1776579452.2200913,
  "duration_seconds": 335.5791721343994,
  "errors": [],
  "training": {
    "avg_loss": 0.6223176121711731,
    "final_loss": 0.6223176121711731,
    "steps": 1,
    "lora_layers": 252,
    "avg_rank": 16.0,
    "samples_used": 1,
    "samples_rejected": 0,
    "learning_rate": 1.4e-05
  }
}