{
  "cycle": 3,
  "pre_score": 0.2625,
  "post_score": 0.4375,
  "improvement": 0.175,
  "eval_score": 0.28148148148148144,
  "eval_domain_scores": {
    "code": 0.28888888888888886
  },
  "samples_generated": 10,
  "samples_verified": 5,
  "weaknesses_found": 5,
  "had_diagnostics": true,
  "escalation_events": [],
  "post_diag_domain_scores": {
    "code": 0.4375
  },
  "diversity_stats": {
    "topic_coverage": 0.125,
    "unique_domains": 1,
    "unique_subdomains": 2,
    "chain_length_spread": 0.0,
    "avg_chain_length": 3.0,
    "samples_per_domain": {
      "code": 10
    }
  },
  "phase_times": {
    "diagnose": 18.899210691452026,
    "generate": 146.06365513801575,
    "verify": 0.4140019416809082,
    "train": 70.3586654663086,
    "eval": 44.92090582847595
  },
  "timestamp": 1776513879.858953,
  "duration_seconds": 288.30825686454773,
  "errors": [],
  "training": {
    "avg_loss": 0.7673561771710714,
    "final_loss": 0.6538461446762085,
    "steps": 2,
    "lora_layers": 252,
    "avg_rank": 16.0,
    "samples_used": 5,
    "samples_rejected": 0,
    "learning_rate": 1.8200000000000002e-05
  }
}