{
  "cycle": 3,
  "pre_score": 0.3375,
  "post_score": 0.2125,
  "improvement": -0.12500000000000003,
  "eval_score": 0.3375,
  "eval_domain_scores": {
    "code": 0.3375
  },
  "samples_generated": 10,
  "samples_verified": 9,
  "weaknesses_found": 5,
  "had_diagnostics": true,
  "escalation_events": [],
  "post_diag_domain_scores": {
    "code": 0.2125
  },
  "diversity_stats": {
    "topic_coverage": 0.125,
    "unique_domains": 1,
    "unique_subdomains": 2,
    "chain_length_spread": 0.0,
    "avg_chain_length": 3.0,
    "samples_per_domain": {
      "code": 10
    }
  },
  "phase_times": {
    "diagnose": 18.141996145248413,
    "generate": 220.51696968078613,
    "verify": 0.2295682430267334,
    "train": 294.54435563087463,
    "eval": 73.88811135292053
  },
  "timestamp": 1776496798.876478,
  "duration_seconds": 626.2979016304016,
  "errors": [],
  "training": {
    "avg_loss": 0.14615028224885462,
    "final_loss": 0.044451870024204254,
    "steps": 25,
    "lora_layers": 252,
    "avg_rank": 16.0,
    "samples_used": 9,
    "samples_rejected": 0,
    "learning_rate": 1.1547005383792517e-05
  }
}